{"cameraMode":{"drawMode":0,"name":"Shaded","section":"Shading Mode"},"sceneLighting":true,"audioPlay":false,"sceneViewState":{"showFog":true,"showMaterialUpdate":true,"showSkybox":true,"showFlares":true,"showImageEffects":true,"showParticleSystems":true},"in2DMode":false,"pivot":{"x":0.6007308959960938,"y":0.20357537269592286,"z":-280.24853515625},"rotation":{"x":-0.001831134664826095,"y":0.9958796501159668,"z":-0.00500125577673316,"w":0.09489753842353821},"size":341.0571594238281,"orthographic":false}